{
  "feature_type": "baseline_tf",
  "current_iter": [
    0,
    1,
    2,
    3,
    4,
    5,
    6,
    7,
    8,
    9,
    10,
    11,
    12,
    13,
    14,
    15,
    16,
    17,
    18,
    19,
    20,
    21,
    22,
    23,
    24,
    25,
    26,
    27,
    28,
    29,
    30,
    31,
    32,
    33,
    34,
    35,
    36,
    37,
    38,
    39,
    40,
    41,
    42,
    43,
    44,
    45,
    46,
    47,
    48,
    49,
    50,
    51,
    52,
    53,
    54,
    55,
    56,
    57,
    58,
    59,
    60,
    61,
    62,
    63,
    64,
    65,
    66,
    67,
    68,
    69,
    70,
    71,
    72,
    73,
    74,
    75,
    76,
    77,
    78,
    79,
    80,
    81,
    82,
    83,
    84,
    85,
    86,
    87,
    88,
    89,
    90,
    91,
    92,
    93,
    94,
    95,
    96,
    97,
    98,
    99
  ],
  "max_iter": 100,
  "train_loss": [
    0.6556816857898368,
    0.6394658413987775,
    0.6326371787923429,
    0.6068203708404261,
    0.5905635696663191,
    0.5823915280311155,
    0.5750477090570898,
    0.5651092095938413,
    0.5555332640061185,
    0.5522133791162067,
    0.5470558976896174,
    0.5429525895773334,
    0.536633779315221,
    0.5362751867964088,
    0.5354618121049903,
    0.5350797190392758,
    0.5338757357089178,
    0.5334322585900545,
    0.5303972372196517,
    0.5299160815966029,
    0.5297865994493033,
    0.529767552291584,
    0.5297532694846504,
    0.5297348642315901,
    0.5297212649490076,
    0.5297031745014099,
    0.5296900802261739,
    0.5296722046652881,
    0.5296595620569252,
    0.5296418513306987,
    0.5296296381220108,
    0.5296120497735469,
    0.5296002513376225,
    0.5295827401218983,
    0.5295713435044955,
    0.5295538581829086,
    0.5295428504453751,
    0.5295253318293514,
    0.5295146994408289,
    0.5294970781669591,
    0.5294868066131433,
    0.5294690000835088,
    0.5294590734543047,
    0.5294409814550753,
    0.5294313819112744,
    0.5294128801986818,
    0.5294035872305259,
    0.529384517887625,
    0.5293755072391357,
    0.5293556636745766,
    0.5293469057167822,
    0.5293260083162966,
    0.5293174654685017,
    0.5292951199407527,
    0.5292867423517603,
    0.5292623636073516,
    0.5292540814309638,
    0.5292267421379404,
    0.5292184505471188,
    0.5291865435686482,
    0.5291780704680549,
    0.5291384254821897,
    0.5291294513065151,
    0.5290743774292561,
    0.5290641908336816,
    0.5289661584860088,
    0.5289526619910647,
    0.528559492639483,
    0.5285425380659906,
    0.5285425380659906,
    0.5285425380659906,
    0.5285425380659906,
    0.5285425380659906,
    0.5285425380659906,
    0.5285425380659906,
    0.5285425380659906,
    0.5285425380659906,
    0.5285425380659906,
    0.5285425380659906,
    0.5285425380659906,
    0.5285425380659906,
    0.5285425380659906,
    0.5285425380659906,
    0.5285425380659906,
    0.5285425380659906,
    0.5285425380659906,
    0.5285425380659906,
    0.5285425380659906,
    0.5285425380659906,
    0.5285425380659906,
    0.5285425380659906,
    0.5285425380659906,
    0.5285425380659906,
    0.5285425380659906,
    0.5285425380659906,
    0.5285425380659906,
    0.5285425380659906,
    0.5285425380659906,
    0.5285425380659906,
    0.5285425380659906
  ]
}