{
  "feature_type": "baseline_tf",
  "max_iter": 100,
  "train_loss": [
    0.6622881175534924,
    0.6410441350089936,
    0.626853666248601,
    0.6072252455468513,
    0.5927474117057043,
    0.5829926959953418,
    0.5738685108942115,
    0.5656567895017692,
    0.5569179268916122,
    0.5529588899001455,
    0.5468592844507271,
    0.5438432669252803,
    0.5380596950484792,
    0.537385999228081,
    0.5344456780547971,
    0.5330485154577486,
    0.5327025614080345,
    0.5326063462567252,
    0.5323476861612423,
    0.5322828885618218,
    0.5321170034268927,
    0.5320712770004838,
    0.5319297588444772,
    0.5318886529387455,
    0.5317289899722024,
    0.5316870299732387,
    0.531488460720134,
    0.531444577775399,
    0.5312459709810733,
    0.5312136746854675,
    0.5311509108800889,
    0.5311356225393982,
    0.5310806116138256,
    0.5310654352983026,
    0.5309991019659159,
    0.5309830111644115,
    0.5308926362864522,
    0.5308743309562327,
    0.5307195252327076,
    0.5306953816570295,
    0.5302128323290549,
    0.530185850876908,
    0.5301724140533682,
    0.53017028508542,
    0.530161895737238,
    0.5301597219928974,
    0.530149557688279,
    0.5301472758067135,
    0.5301339482243483,
    0.5301314293620693,
    0.5301111243268243,
    0.5301080359669049,
    0.5300627160345058,
    0.5300577628937745,
    0.529785369426314,
    0.5297847278631845,
    0.5297847278631845,
    0.5297847278631845,
    0.5297847278631845,
    0.5297847278631845,
    0.5297847278631845,
    0.5297847278631845,
    0.5297847278631845,
    0.5297847278631845,
    0.5297847278631845,
    0.5297847278631845,
    0.5297847278631845,
    0.5297847278631845,
    0.5297847278631845,
    0.5297847278631845,
    0.5297847278631845,
    0.5297847278631845,
    0.5297847278631845,
    0.5297847278631845,
    0.5297847278631845,
    0.5297847278631845,
    0.5297847278631845,
    0.5297847278631845,
    0.5297847278631845,
    0.5297847278631845,
    0.5297847278631845,
    0.5297847278631845,
    0.5297847278631845,
    0.5297847278631845,
    0.5297847278631845,
    0.5297847278631845,
    0.5297847278631845,
    0.5297847278631845,
    0.5297847278631845,
    0.5297847278631845,
    0.5297847278631845,
    0.5297847278631845,
    0.5297847278631845,
    0.5297847278631845,
    0.5297847278631845,
    0.5297847278631845,
    0.5297847278631845,
    0.5297847278631845,
    0.5297847278631845,
    0.5297847278631845
  ]
}