{
  "feature_type": "baseline_tfidf",
  "current_iter": [
    0,
    1,
    2,
    3,
    4,
    5,
    6,
    7,
    8,
    9,
    10,
    11,
    12,
    13,
    14,
    15,
    16,
    17,
    18,
    19,
    20,
    21,
    22,
    23,
    24,
    25,
    26,
    27,
    28,
    29,
    30,
    31,
    32,
    33,
    34,
    35,
    36,
    37,
    38,
    39,
    40,
    41,
    42,
    43,
    44,
    45,
    46,
    47,
    48,
    49,
    50,
    51,
    52,
    53,
    54,
    55,
    56,
    57,
    58,
    59,
    60,
    61,
    62,
    63,
    64,
    65,
    66,
    67,
    68,
    69,
    70,
    71,
    72,
    73,
    74,
    75,
    76,
    77,
    78,
    79,
    80,
    81,
    82,
    83,
    84,
    85,
    86,
    87,
    88,
    89,
    90,
    91,
    92,
    93,
    94,
    95,
    96,
    97,
    98,
    99
  ],
  "max_iter": 100,
  "train_loss": [
    0.6880498281791244,
    0.6620816729610585,
    0.643421601751405,
    0.6344552339223912,
    0.6267693181987414,
    0.6126610411452289,
    0.5998078462017539,
    0.5943004635344432,
    0.5877019519108179,
    0.579635978119856,
    0.5700469159384599,
    0.5674429427479055,
    0.5628993553973736,
    0.5576966386186021,
    0.5501337296484649,
    0.5496464593547065,
    0.5487190730461083,
    0.548212491833126,
    0.5470835225181969,
    0.5465323740477225,
    0.5449559194813912,
    0.5443076331206016,
    0.5406367215081653,
    0.5390397141406897,
    0.537915970717282,
    0.5376637058647068,
    0.5341791188201291,
    0.5339733802143877,
    0.5339304399268433,
    0.5339205128491485,
    0.5338456538483614,
    0.5338326979104616,
    0.5335631825048273,
    0.5335396695644893,
    0.5335396695644893,
    0.5335396695644893,
    0.5335396695644893,
    0.5335396695644893,
    0.5335396695644893,
    0.5335396695644893,
    0.5335396695644893,
    0.5335396695644893,
    0.5335396695644893,
    0.5335396695644893,
    0.5335396695644893,
    0.5335396695644893,
    0.5335396695644893,
    0.5335396695644893,
    0.5335396695644893,
    0.5335396695644893,
    0.5335396695644893,
    0.5335396695644893,
    0.5335396695644893,
    0.5335396695644893,
    0.5335396695644893,
    0.5335396695644893,
    0.5335396695644893,
    0.5335396695644893,
    0.5335396695644893,
    0.5335396695644893,
    0.5335396695644893,
    0.5335396695644893,
    0.5335396695644893,
    0.5335396695644893,
    0.5335396695644893,
    0.5335396695644893,
    0.5335396695644893,
    0.5335396695644893,
    0.5335396695644893,
    0.5335396695644893,
    0.5335396695644893,
    0.5335396695644893,
    0.5335396695644893,
    0.5335396695644893,
    0.5335396695644893,
    0.5335396695644893,
    0.5335396695644893,
    0.5335396695644893,
    0.5335396695644893,
    0.5335396695644893,
    0.5335396695644893,
    0.5335396695644893,
    0.5335396695644893,
    0.5335396695644893,
    0.5335396695644893,
    0.5335396695644893,
    0.5335396695644893,
    0.5335396695644893,
    0.5335396695644893,
    0.5335396695644893,
    0.5335396695644893,
    0.5335396695644893,
    0.5335396695644893,
    0.5335396695644893,
    0.5335396695644893,
    0.5335396695644893,
    0.5335396695644893,
    0.5335396695644893,
    0.5335396695644893,
    0.5335396695644893
  ]
}