{
  "feature_type": "baseline_tfidf",
  "max_iter": 100,
  "train_loss": [
    0.684182490195341,
    0.675945940489976,
    0.6683195607111267,
    0.6613176979954717,
    0.6547677021870301,
    0.6487632675073035,
    0.6430831017191196,
    0.6378896284856325,
    0.6329158663158423,
    0.6283862041820796,
    0.6239885962072133,
    0.6200058007801087,
    0.6160794188340093,
    0.6125496898105446,
    0.6090087867550336,
    0.6058560450201292,
    0.6026292190712793,
    0.5997909333265593,
    0.5968172083203465,
    0.5942411383083932,
    0.5914665898318091,
    0.5891081681758112,
    0.5864826964002895,
    0.5843028053856897,
    0.5817765169322668,
    0.5797394149890112,
    0.5772576854276341,
    0.5753287745525838,
    0.5728240116433869,
    0.5709669505834739,
    0.5683420084703431,
    0.5665142237433566,
    0.5636019122149454,
    0.5617466110205874,
    0.5581877843774318,
    0.5532595087881591,
    0.5464627246155181,
    0.5462263069171137,
    0.5460418553468013,
    0.5458120761334715,
    0.5456361774487132,
    0.5454123451754053,
    0.545244523114588,
    0.5450259395451664,
    0.5448657388334485,
    0.5446516885373479,
    0.5444986711322773,
    0.5442884086742079,
    0.5441421497947934,
    0.5439348836171637,
    0.5437949673856594,
    0.5435898389058175,
    0.5434558533600535,
    0.5432519090381126,
    0.5431234401575692,
    0.5429195930244589,
    0.5427962172252601,
    0.5425911921968768,
    0.5424724664337123,
    0.5422647198916222,
    0.5421501679508981,
    0.5419377649164654,
    0.5418268574780443,
    0.541607275661784,
    0.5414993997846973,
    0.5412692003772518,
    0.5411636101789047,
    0.5409178485907209,
    0.5408135804711305,
    0.5405446635187482,
    0.540440379450953,
    0.5401356019618775,
    0.5400292725945806,
    0.5396646692205922,
    0.539552855307462,
    0.5390741030832563,
    0.5389500746426948,
    0.538186944898369,
    0.5380352877055141,
    0.5349935854202821,
    0.5345901362402802,
    0.5345915999553043,
    0.5345907611665359,
    0.5345921665168892,
    0.5345911629238396,
    0.5345924946839388,
    0.5345912962194523,
    0.5345925205563594,
    0.5345910761797522,
    0.5345921127872866,
    0.5345903289817944,
    0.534590957533319,
    0.5345886399310771,
    0.5345880603506649,
    0.5345847060180561,
    0.5345774298839,
    0.5345710865766402,
    0.534463387530777,
    0.5344584245455435,
    0.5344584245455435
  ]
}